{"assets/images/logoSF.png":["assets/images/logoSF.png"],"packages/cupertino_icons/assets/CupertinoIcons.ttf":["packages/cupertino_icons/assets/CupertinoIcons.ttf"],"packages/flutter_signin_button/assets/logos/2.0x/facebook_new.png":["packages/flutter_signin_button/assets/logos/2.0x/facebook_new.png"],"packages/flutter_signin_button/assets/logos/2.0x/google_dark.png":["packages/flutter_signin_button/assets/logos/2.0x/google_dark.png"],"packages/flutter_signin_button/assets/logos/2.0x/google_light.png":["packages/flutter_signin_button/assets/logos/2.0x/google_light.png"],"packages/flutter_signin_button/assets/logos/3.0x/facebook_new.png":["packages/flutter_signin_button/assets/logos/3.0x/facebook_new.png"],"packages/flutter_signin_button/assets/logos/3.0x/google_dark.png":["packages/flutter_signin_button/assets/logos/3.0x/google_dark.png"],"packages/flutter_signin_button/assets/logos/3.0x/google_light.png":["packages/flutter_signin_button/assets/logos/3.0x/google_light.png"],"packages/flutter_signin_button/assets/logos/facebook_new.png":["packages/flutter_signin_button/assets/logos/facebook_new.png","packages/flutter_signin_button/assets/logos/2.0x/facebook_new.png","packages/flutter_signin_button/assets/logos/3.0x/facebook_new.png"],"packages/flutter_signin_button/assets/logos/google_dark.png":["packages/flutter_signin_button/assets/logos/google_dark.png","packages/flutter_signin_button/assets/logos/2.0x/google_dark.png","packages/flutter_signin_button/assets/logos/3.0x/google_dark.png"],"packages/flutter_signin_button/assets/logos/google_light.png":["packages/flutter_signin_button/assets/logos/google_light.png","packages/flutter_signin_button/assets/logos/2.0x/google_light.png","packages/flutter_signin_button/assets/logos/3.0x/google_light.png"],"packages/font_awesome_flutter/lib/fonts/fa-brands-400.ttf":["packages/font_awesome_flutter/lib/fonts/fa-brands-400.ttf"],"packages/font_awesome_flutter/lib/fonts/fa-regular-400.ttf":["packages/font_awesome_flutter/lib/fonts/fa-regular-400.ttf"],"packages/font_awesome_flutter/lib/fonts/fa-solid-900.ttf":["packages/font_awesome_flutter/lib/fonts/fa-solid-900.ttf"]}